{
    "branchToRevise": "solution",
    "incrementCommits": [
        {
            "message": "Add config server",
            "tags": ["config-server-solution"]
        },
        {
            "message": "Add security",
            "tags": ["security-solution", "config-server-start"]
        },
        {
            "message": "Enable circuit breaker",
            "tags": ["security-start", "circuit-breaker-solution"]
        },
        {
            "message": "Enable service discovery",
            "tags": ["service-discovery-solution", "circuit-breaker-start"]
        },
        {
            "message": "Initial commit",
            "tags": ["service-discovery-start", "distributed-system-start", "distributed-system-solution"]
        }
    ]
}
